"source","data","timestamp","current_machine_status","prev_machine_status",

laundry_view,status set,2022-03-06 20:00:41.013000+00:00,busy,
laundry_view,status set,2022-03-06 20:26:10.751000+00:00,busy,
laundry_view,status set,2022-03-05 21:22:39.312000+00:00,busy,
laundry_view,status set,2022-03-07 00:21:40.001000+00:00,busy,
laundry_view,status set,2022-03-06 19:55:05.835000+00:00,busy,
laundry_view,status set,2022-03-06 18:40:49.655000+00:00,busy,
laundry_view,status set,2022-03-07 02:46:22.999000+00:00,busy,
laundry_view,status set,2022-03-05 13:44:35.758000+00:00,busy,
laundry_view,status set,2022-03-05 18:27:33.450000+00:00,busy,
laundry_view,status set,2022-03-05 18:22:28.088000+00:00,busy,
laundry_view,status set,2022-03-07 02:15:52.864000+00:00,busy,
laundry_view,status set,2022-03-07 02:17:54.820000+00:00,busy,
laundry_view,status set,2022-03-06 16:46:25.649000+00:00,busy,
laundry_view,status set,2022-03-06 12:46:00.174000+00:00,busy,
laundry_view,status set,2022-03-06 18:28:08.680000+00:00,busy,
laundry_view,status set,2022-03-06 00:36:53.114000+00:00,busy,
laundry_view,status set,2022-03-07 02:30:08.398000+00:00,busy,
laundry_view,status set,2022-03-06 00:44:30.009000+00:00,busy,
laundry_view,status set,2022-03-07 01:46:08.328000+00:00,busy,
laundry_view,status set,2022-03-06 00:57:41.465000+00:00,busy,
laundry_view,status set,2022-03-06 16:45:24.836000+00:00,busy,
laundry_view,status set,2022-03-05 17:47:37.205000+00:00,busy,
laundry_view,status set,2022-03-06 16:37:17.718000+00:00,busy,
laundry_view,status set,2022-03-05 17:53:12.872000+00:00,busy,
laundry_view,status set,2022-03-05 21:02:51.603000+00:00,busy,
laundry_view,status set,2022-03-07 00:15:34.981000+00:00,busy,
laundry_view,status set,2022-03-05 17:40:00.505000+00:00,busy,
laundry_view,status set,2022-03-06 15:18:02.196000+00:00,busy,
laundry_view,status set,2022-03-06 15:01:48.423000+00:00,busy,
laundry_view,status set,2022-03-06 15:09:25.029000+00:00,busy,
laundry_view,status set,2022-03-06 17:05:41.098000+00:00,busy,
laundry_view,status set,2022-03-05 13:53:43.355000+00:00,busy,
laundry_view,status set,2022-03-06 18:44:53.146000+00:00,busy,
laundry_view,status set,2022-03-06 18:49:26.875000+00:00,busy,
laundry_view,status set,2022-03-05 18:38:43.481000+00:00,busy,
laundry_view,status set,2022-03-05 18:34:40.179000+00:00,busy,
laundry_view,status set,2022-03-06 20:08:18.605000+00:00,busy,
laundry_view,status set,2022-03-07 01:27:52.581000+00:00,busy,
laundry_view,status set,2022-03-07 01:34:27.887000+00:00,busy,
laundry_view,status set,2022-03-06 20:13:23.407000+00:00,busy,
laundry_view,status set,2022-03-06 19:51:01.827000+00:00,busy,
laundry_view,status set,2022-03-05 17:32:22.946000+00:00,busy,
laundry_view,status set,2022-03-06 18:46:24.420000+00:00,busy,
laundry_view,status set,2022-03-05 17:48:07.658000+00:00,busy,
laundry_view,status set,2022-03-05 14:00:54.335000+00:00,busy,
laundry_view,status set,2022-03-05 13:54:13.760000+00:00,busy,
laundry_view,status set,2022-03-05 13:56:45.932000+00:00,busy,
laundry_view,status set,2022-03-07 00:25:43.621000+00:00,busy,
laundry_view,status set,2022-03-07 02:24:33.652000+00:00,busy,
laundry_view,status set,2022-03-07 00:14:34.044000+00:00,busy,
laundry_view,status set,2022-03-06 20:19:34.126000+00:00,busy,
laundry_view,status set,2022-03-05 17:37:57.630000+00:00,busy,
laundry_view,status set,2022-03-06 13:03:17.643000+00:00,busy,
laundry_view,status set,2022-03-06 00:37:54.033000+00:00,busy,
button,pressed,2022-03-06 01:04:31.113000+00:00,busy,
laundry_view,status set,2022-03-06 13:21:04.648000+00:00,busy,
laundry_view,status set,2022-03-05 13:49:09.439000+00:00,busy,
laundry_view,status set,2022-03-05 21:13:01.056000+00:00,busy,
laundry_view,status set,2022-03-06 19:56:37.150000+00:00,busy,
laundry_view,status set,2022-03-05 21:35:20.579000+00:00,busy,
laundry_view,status set,2022-03-06 16:28:39.851000+00:00,busy,
laundry_view,status set,2022-03-05 18:45:19.197000+00:00,busy,
laundry_view,status set,2022-03-06 20:21:36.019000+00:00,busy,
laundry_view,status set,2022-03-05 18:39:13.926000+00:00,busy,
laundry_view,status set,2022-03-07 01:29:23.800000+00:00,busy,
laundry_view,status set,2022-03-06 16:58:05.666000+00:00,busy,
laundry_view,status set,2022-03-06 13:06:20.452000+00:00,busy,
laundry_view,status set,2022-03-05 13:56:15.512000+00:00,busy,
laundry_view,status set,2022-03-05 13:42:03.544000+00:00,busy,
laundry_view,status set,2022-03-06 13:01:46.304000+00:00,busy,
laundry_view,status set,2022-03-07 01:15:11.648000+00:00,busy,
laundry_view,status set,2022-03-05 17:28:49.679000+00:00,busy,
laundry_view,status set,2022-03-06 20:20:35.095000+00:00,busy,
laundry_view,status set,2022-03-07 00:15:04.557000+00:00,busy,
laundry_view,status set,2022-03-06 19:52:02.893000+00:00,busy,
laundry_view,status set,2022-03-06 20:24:08.951000+00:00,busy,
laundry_view,status set,2022-03-07 01:40:33.315000+00:00,busy,
laundry_view,status set,2022-03-06 13:23:06.299000+00:00,busy,
laundry_view,status set,2022-03-05 18:21:57.738000+00:00,busy,
laundry_view,status set,2022-03-05 18:48:21.832000+00:00,busy,
laundry_view,status set,2022-03-05 18:25:30.689000+00:00,busy,
laundry_view,status set,2022-03-06 16:36:47.309000+00:00,busy,
laundry_view,status set,2022-03-06 01:02:16.521000+00:00,busy,
laundry_view,status set,2022-03-06 18:41:50.487000+00:00,busy,
laundry_view,status set,2022-03-05 13:44:05.233000+00:00,busy,
laundry_view,status set,2022-03-06 13:14:28.875000+00:00,busy,
laundry_view,status set,2022-03-06 00:32:49.701000+00:00,busy,
laundry_view,status set,2022-03-05 18:56:28.446000+00:00,busy,
laundry_view,status set,2022-03-06 20:16:00.663000+00:00,busy,
laundry_view,status set,2022-03-06 18:46:54.782000+00:00,busy,
laundry_view,status set,2022-03-06 19:03:08.336000+00:00,busy,
laundry_view,status set,2022-03-07 02:24:03.148000+00:00,busy,
laundry_view,status set,2022-03-06 15:23:06.377000+00:00,busy,
laundry_view,status set,2022-03-05 17:36:26.241000+00:00,busy,
laundry_view,status set,2022-03-05 17:27:18.317000+00:00,busy,
laundry_view,status set,2022-03-06 18:29:09.592000+00:00,busy,
laundry_view,status set,2022-03-05 21:16:03.846000+00:00,busy,
laundry_view,status set,2022-03-06 20:02:12.557000+00:00,busy,
laundry_view,status set,2022-03-05 18:24:29.812000+00:00,busy,
laundry_view,status set,2022-03-06 16:29:10.307000+00:00,busy,
laundry_view,status set,2022-03-06 00:39:55.893000+00:00,busy,
laundry_view,status set,2022-03-05 13:31:21.829000+00:00,busy,
laundry_view,status set,2022-03-06 20:17:01.591000+00:00,busy,
laundry_view,status set,2022-03-06 00:40:26.516000+00:00,busy,
laundry_view,status set,2022-03-06 20:12:22.425000+00:00,busy,
laundry_view,status set,2022-03-06 12:58:40.860000+00:00,busy,
laundry_view,status set,2022-03-05 18:45:49.668000+00:00,busy,
laundry_view,status set,2022-03-07 00:39:55.850000+00:00,busy,
laundry_view,status set,2022-03-06 19:51:32.406000+00:00,busy,
laundry_view,status set,2022-03-07 01:42:04.764000+00:00,busy,
laundry_view,status set,2022-03-07 00:13:33+00:00,busy,
laundry_view,status set,2022-03-06 18:33:43.366000+00:00,busy,
laundry_view,status set,2022-03-06 01:04:48.794000+00:00,busy,
laundry_view,status set,2022-03-05 18:52:25.134000+00:00,busy,
laundry_view,status set,2022-03-07 01:46:38.757000+00:00,busy,
laundry_view,status set,2022-03-06 18:57:33.537000+00:00,busy,
laundry_view,status set,2022-03-05 18:00:49.471000+00:00,busy,
laundry_view,status set,2022-03-05 17:49:08.444000+00:00,busy,
laundry_view,status set,2022-03-05 13:33:53.862000+00:00,busy,
laundry_view,status set,2022-03-06 17:00:37.692000+00:00,busy,
laundry_view,status set,2022-03-07 00:35:21.983000+00:00,busy,
laundry_view,status set,2022-03-06 12:47:31.578000+00:00,busy,
laundry_view,status set,2022-03-07 00:12:01.368000+00:00,busy,
laundry_view,status set,2022-03-07 02:31:40.053000+00:00,busy,
laundry_view,status set,2022-03-06 19:55:36.345000+00:00,busy,
laundry_view,status set,2022-03-05 17:45:05.051000+00:00,busy,
laundry_view,status set,2022-03-06 12:59:14.213000+00:00,busy,
laundry_view,status changed,2022-03-06 01:06:50.460000+00:00,waiting,busy
laundry_view,status set,2022-03-06 17:06:11.452000+00:00,busy,
laundry_view,status set,2022-03-07 01:28:23.013000+00:00,busy,
laundry_view,status set,2022-03-06 15:13:58.900000+00:00,busy,
laundry_view,status set,2022-03-06 16:34:15.126000+00:00,busy,
laundry_view,status set,2022-03-07 01:37:30.222000+00:00,busy,
laundry_view,status set,2022-03-05 18:46:50.497000+00:00,busy,
laundry_view,status set,2022-03-06 18:49:57.262000+00:00,busy,
laundry_view,status set,2022-03-05 17:57:16.519000+00:00,busy,
laundry_view,status set,2022-03-06 12:58:10.401000+00:00,busy,
laundry_view,status set,2022-03-05 13:59:53.458000+00:00,busy,
laundry_view,status set,2022-03-07 01:43:36.189000+00:00,busy,
laundry_view,status set,2022-03-07 00:41:27.262000+00:00,busy,
laundry_view,status set,2022-03-06 19:04:09.507000+00:00,busy,
laundry_view,status set,2022-03-05 13:48:08.603000+00:00,busy,
laundry_view,status set,2022-03-05 17:29:50.722000+00:00,busy,
laundry_view,status set,2022-03-07 02:36:14.432000+00:00,busy,
laundry_view,status set,2022-03-06 18:37:16.669000+00:00,busy,
laundry_view,status set,2022-03-06 20:02:43.087000+00:00,busy,
laundry_view,status set,2022-03-06 12:55:07.963000+00:00,busy,
laundry_view,status set,2022-03-06 01:06:20.014000+00:00,busy,
laundry_view,status set,2022-03-07 01:32:56.655000+00:00,busy,
laundry_view,status set,2022-03-07 00:32:49.782000+00:00,busy,
laundry_view,status set,2022-03-06 13:08:23.795000+00:00,busy,
laundry_view,status set,2022-03-05 17:37:27.188000+00:00,busy,
laundry_view,status set,2022-03-06 15:16:00.552000+00:00,busy,
laundry_view,status set,2022-03-06 13:09:55.138000+00:00,busy,
laundry_view,status set,2022-03-07 01:24:19.824000+00:00,busy,
laundry_view,status set,2022-03-05 18:02:51.502000+00:00,busy,
laundry_view,status set,2022-03-05 21:22:08.927000+00:00,busy,
laundry_view,status set,2022-03-05 18:28:04.209000+00:00,busy,
laundry_view,status set,2022-03-07 02:45:52.439000+00:00,busy,
laundry_view,status set,2022-03-05 17:41:01.333000+00:00,busy,
laundry_view,status set,2022-03-06 00:42:58.785000+00:00,busy,
laundry_view,status set,2022-03-06 16:41:51.786000+00:00,busy,
laundry_view,status set,2022-03-06 01:03:47.726000+00:00,busy,
laundry_view,status set,2022-03-07 02:13:20.814000+00:00,busy,
laundry_view,status set,2022-03-05 13:39:28.630000+00:00,busy,
laundry_view,status set,2022-03-06 18:45:54.028000+00:00,busy,
laundry_view,status set,2022-03-07 00:16:35.777000+00:00,busy,
laundry_view,status set,2022-03-05 17:53:43.292000+00:00,busy,
laundry_view,status set,2022-03-05 13:46:37.352000+00:00,busy,
laundry_view,status set,2022-03-06 16:46:56.069000+00:00,busy,
laundry_view,status set,2022-03-05 13:26:17.443000+00:00,busy,
laundry_view,status set,2022-03-06 13:06:50.827000+00:00,busy,
laundry_view,status set,2022-03-07 01:26:21.428000+00:00,busy,
laundry_view,status set,2022-03-05 13:52:12.110000+00:00,busy,
laundry_view,status set,2022-03-06 15:00:17.088000+00:00,busy,
laundry_view,status set,2022-03-06 18:42:20.963000+00:00,busy,
laundry_view,status set,2022-03-07 01:19:46.072000+00:00,busy,
laundry_view,status set,2022-03-05 17:55:45.224000+00:00,busy,
laundry_view,status set,2022-03-06 19:01:37.041000+00:00,busy,
laundry_view,status set,2022-03-07 00:27:15.071000+00:00,busy,
laundry_view,status set,2022-03-06 16:53:31.656000+00:00,busy,
laundry_view,status set,2022-03-06 12:54:07.107000+00:00,busy,
laundry_view,status set,2022-03-07 01:39:01.787000+00:00,busy,
laundry_view,status set,2022-03-05 17:30:21.113000+00:00,busy,
laundry_view,status set,2022-03-06 15:26:39.263000+00:00,busy,
laundry_view,status set,2022-03-07 01:49:41.243000+00:00,busy,
laundry_view,status set,2022-03-06 20:23:07.798000+00:00,busy,
laundry_view,status set,2022-03-07 00:20:08.569000+00:00,busy,
laundry_view,status set,2022-03-07 01:40:02.799000+00:00,busy,
laundry_view,status set,2022-03-06 15:08:24.083000+00:00,busy,
laundry_view,status set,2022-03-05 21:00:19.536000+00:00,busy,
laundry_view,status set,2022-03-07 02:14:52.020000+00:00,busy,
laundry_view,status set,2022-03-06 15:27:09.817000+00:00,busy,
laundry_view,status set,2022-03-05 18:38:13.063000+00:00,busy,
laundry_view,status set,2022-03-05 21:28:14.690000+00:00,busy,
laundry_view,status set,2022-03-06 01:01:46.152000+00:00,busy,
laundry_view,status set,2022-03-06 18:36:46.247000+00:00,busy,
laundry_view,status set,2022-03-06 20:20:04.679000+00:00,busy,
button,pressed,2022-03-05 01:59:30.213000+00:00,Waiting,
laundry_view,status set,2022-03-06 12:56:39.172000+00:00,busy,
laundry_view,status set,2022-03-05 18:50:23.483000+00:00,busy,
laundry_view,status set,2022-03-06 18:57:03.201000+00:00,busy,
laundry_view,status set,2022-03-05 17:31:52.359000+00:00,busy,
laundry_view,status set,2022-03-06 15:08:54.658000+00:00,busy,
laundry_view,status set,2022-03-07 02:45:22.010000+00:00,busy,
laundry_view,status set,2022-03-07 02:22:01.531000+00:00,busy,
laundry_view,status set,2022-03-06 12:53:36.640000+00:00,busy,
laundry_view,status set,2022-03-06 20:11:21.445000+00:00,busy,
laundry_view,status set,2022-03-06 18:36:15.806000+00:00,busy,
laundry_view,status set,2022-03-05 21:09:27.781000+00:00,busy,
laundry_view,status set,2022-03-05 21:07:25.980000+00:00,busy,
laundry_view,status set,2022-03-06 00:48:02.960000+00:00,busy,
laundry_view,status set,2022-03-06 13:12:57.625000+00:00,busy,
laundry_view,status set,2022-03-06 00:29:16.696000+00:00,busy,
laundry_view,status set,2022-03-05 21:31:47.582000+00:00,busy,
laundry_view,status set,2022-03-07 02:18:25.227000+00:00,busy,
laundry_view,status set,2022-03-06 13:16:30.677000+00:00,busy,
laundry_view,status changed,2022-03-06 15:36:20.697000+00:00,waiting,busy
laundry_view,status set,2022-03-06 19:45:57.049000+00:00,busy,
laundry_view,status set,2022-03-06 20:16:31.151000+00:00,busy,
laundry_view,status set,2022-03-07 01:32:26.268000+00:00,busy,
laundry_view,status set,2022-03-06 15:29:14.587000+00:00,busy,
laundry_view,status set,2022-03-05 18:53:25.951000+00:00,busy,
laundry_view,status set,2022-03-07 01:20:46.827000+00:00,busy,
laundry_view,status set,2022-03-07 02:16:23.213000+00:00,busy,
laundry_view,status set,2022-03-06 20:03:44.198000+00:00,busy,
laundry_view,status set,2022-03-06 16:30:11.310000+00:00,busy,
laundry_view,status set,2022-03-06 19:48:59.820000+00:00,busy,
laundry_view,status set,2022-03-06 18:32:12.140000+00:00,busy,
laundry_view,status set,2022-03-07 02:33:11.449000+00:00,busy,
laundry_view,status set,2022-03-06 19:02:37.913000+00:00,busy,
laundry_view,status set,2022-03-05 21:01:20.355000+00:00,busy,
laundry_view,status set,2022-03-06 00:38:24.635000+00:00,busy,
laundry_view,status set,2022-03-06 15:02:49.354000+00:00,busy,
laundry_view,status set,2022-03-07 00:24:42.798000+00:00,busy,
laundry_view,status set,2022-03-06 15:28:41.073000+00:00,busy,
laundry_view,status set,2022-03-06 13:16:00.120000+00:00,busy,
laundry_view,status set,2022-03-06 14:58:45.676000+00:00,busy,
laundry_view,status changed,2022-03-05 18:04:22.763000+00:00,waiting,busy
laundry_view,status set,2022-03-05 18:36:41.846000+00:00,busy,
laundry_view,status set,2022-03-05 18:55:58.003000+00:00,busy,
laundry_view,status set,2022-03-06 01:00:45.197000+00:00,busy,
laundry_view,status set,2022-03-06 16:55:02.923000+00:00,busy,
laundry_view,status set,2022-03-07 02:28:06.518000+00:00,busy,
laundry_view,status set,2022-03-07 00:40:26.424000+00:00,busy,
laundry_view,status set,2022-03-05 21:10:28.600000+00:00,busy,
laundry_view,status set,2022-03-07 00:36:53.228000+00:00,busy,
laundry_view,status set,2022-03-06 20:03:13.701000+00:00,busy,
laundry_view,status set,2022-03-07 02:12:50.388000+00:00,busy,
laundry_view,status set,2022-03-05 21:16:34.272000+00:00,busy,
laundry_view,status set,2022-03-05 18:29:05.159000+00:00,busy,
laundry_view,status set,2022-03-07 01:33:57.496000+00:00,busy,
laundry_view,status set,2022-03-07 00:22:10.619000+00:00,busy,
laundry_view,status set,2022-03-05 21:11:29.422000+00:00,busy,
laundry_view,status set,2022-03-06 16:57:35.188000+00:00,busy,
laundry_view,status set,2022-03-05 17:33:54.180000+00:00,busy,
laundry_view,status set,2022-03-07 00:08:58.456000+00:00,busy,
laundry_view,status set,2022-03-07 00:14:03.554000+00:00,busy,
laundry_view,status set,2022-03-06 18:50:27.707000+00:00,busy,
laundry_view,status set,2022-03-05 17:57:46.889000+00:00,busy,
laundry_view,status set,2022-03-06 15:34:49.355000+00:00,busy,
laundry_view,status set,2022-03-05 13:32:53.042000+00:00,busy,
laundry_view,status set,2022-03-07 01:19:15.694000+00:00,busy,
laundry_view,status set,2022-03-06 13:01:15.885000+00:00,busy,
laundry_view,status set,2022-03-05 13:36:26.033000+00:00,busy,
laundry_view,status set,2022-03-05 18:47:51.416000+00:00,busy,
laundry_view,status set,2022-03-06 00:39:25.486000+00:00,busy,
laundry_view,status set,2022-03-06 17:02:39.186000+00:00,busy,
laundry_view,status set,2022-03-05 18:43:47.817000+00:00,busy,
laundry_view,status set,2022-03-05 13:43:34.780000+00:00,busy,
laundry_view,status set,2022-03-07 02:26:35.255000+00:00,busy,
laundry_view,status set,2022-03-07 00:17:36.599000+00:00,busy,
laundry_view,status set,2022-03-05 21:37:22.422000+00:00,busy,
laundry_view,status set,2022-03-05 17:56:46.003000+00:00,busy,
laundry_view,status set,2022-03-07 02:41:18.572000+00:00,busy,
laundry_view,status set,2022-03-06 00:51:36.136000+00:00,busy,
laundry_view,status set,2022-03-05 13:53:12.925000+00:00,busy,
laundry_view,status set,2022-03-07 01:23:19.046000+00:00,busy,
laundry_view,status set,2022-03-06 18:59:35.325000+00:00,busy,
laundry_view,status set,2022-03-05 18:48:52.245000+00:00,busy,
laundry_view,status set,2022-03-06 01:00:14.767000+00:00,busy,
laundry_view,status set,2022-03-05 17:42:32.585000+00:00,busy,
laundry_view,status set,2022-03-06 16:43:53.485000+00:00,busy,
laundry_view,status set,2022-03-06 19:53:34.282000+00:00,busy,
laundry_view,status set,2022-03-06 20:09:50.083000+00:00,busy,
laundry_view,status set,2022-03-07 01:30:24.583000+00:00,busy,
laundry_view,status set,2022-03-06 00:50:04.752000+00:00,busy,
laundry_view,status set,2022-03-07 00:44:29.875000+00:00,busy,
laundry_view,status set,2022-03-05 17:33:23.810000+00:00,busy,
laundry_view,status set,2022-03-06 15:30:45.945000+00:00,busy,
laundry_view,status set,2022-03-05 21:15:03.050000+00:00,busy,
laundry_view,status set,2022-03-06 00:59:13.897000+00:00,busy,
laundry_view,status set,2022-03-05 21:17:35.117000+00:00,busy,
laundry_view,status set,2022-03-05 21:03:52.662000+00:00,busy,
laundry_view,status changed,2022-03-06 13:23:36.763000+00:00,waiting,busy
laundry_view,status set,2022-03-07 00:31:18.483000+00:00,busy,
laundry_view,status set,2022-03-06 16:40:50.899000+00:00,busy,
laundry_view,status set,2022-03-07 02:30:39.175000+00:00,busy,
laundry_view,status set,2022-03-07 00:37:54.089000+00:00,busy,
laundry_view,status set,2022-03-05 14:00:23.944000+00:00,busy,
laundry_view,status set,2022-03-06 00:47:02.081000+00:00,busy,
laundry_view,status set,2022-03-06 18:30:10.467000+00:00,busy,
laundry_view,status changed,2022-03-05 21:37:52.852000+00:00,waiting,busy
laundry_view,status set,2022-03-06 17:03:39.856000+00:00,busy,
laundry_view,status set,2022-03-06 15:28:10.606000+00:00,busy,
laundry_view,status set,2022-03-05 17:46:36.276000+00:00,busy,
laundry_view,status set,2022-03-07 00:12:31.912000+00:00,busy,
laundry_view,status set,2022-03-05 21:27:44.214000+00:00,busy,
laundry_view,status set,2022-03-06 18:31:41.718000+00:00,busy,
laundry_view,status set,2022-03-05 13:26:47.833000+00:00,busy,
laundry_view,status set,2022-03-05 14:02:56.103000+00:00,busy,
laundry_view,status set,2022-03-06 20:23:38.285000+00:00,busy,
laundry_view,status set,2022-03-07 00:26:44.625000+00:00,busy,
laundry_view,status set,2022-03-06 13:10:25.563000+00:00,busy,
laundry_view,status set,2022-03-05 21:12:30.567000+00:00,busy,
laundry_view,status set,2022-03-05 18:43:17.395000+00:00,busy,
laundry_view,status set,2022-03-07 02:21:00.342000+00:00,busy,
laundry_view,status set,2022-03-07 01:39:32.284000+00:00,busy,
button,pressed,2022-03-05 15:08:20.451000+00:00,waiting,
laundry_view,status set,2022-03-05 18:57:59.664000+00:00,busy,
laundry_view,status set,2022-03-06 00:55:39.403000+00:00,busy,
laundry_view,status set,2022-03-07 01:25:20.642000+00:00,busy,
laundry_view,status set,2022-03-06 15:07:53.659000+00:00,busy,
laundry_view,status set,2022-03-06 15:25:08.047000+00:00,busy,
laundry_view,status set,2022-03-07 00:09:28.887000+00:00,busy,
laundry_view,status set,2022-03-06 20:01:11.531000+00:00,busy,
laundry_view,status set,2022-03-07 01:38:00.744000+00:00,busy,
laundry_view,status set,2022-03-05 21:30:16.382000+00:00,busy,
laundry_view,status set,2022-03-06 18:55:31.906000+00:00,busy,
laundry_view,status set,2022-03-06 18:30:40.806000+00:00,busy,
laundry_view,status set,2022-03-06 17:01:08.187000+00:00,busy,
laundry_view,status set,2022-03-06 15:05:21.411000+00:00,busy,
laundry_view,status set,2022-03-07 02:12:19.964000+00:00,busy,
laundry_view,status set,2022-03-06 19:58:08.593000+00:00,busy,
laundry_view,status changed,2022-03-07 00:45:00.382000+00:00,waiting,busy
laundry_view,status set,2022-03-07 01:17:13.093000+00:00,busy,
laundry_view,status set,2022-03-05 18:26:01.193000+00:00,busy,
laundry_view,status set,2022-03-06 20:22:06.825000+00:00,busy,
laundry_view,status set,2022-03-05 21:32:18.025000+00:00,busy,
laundry_view,status set,2022-03-06 15:26:08.833000+00:00,busy,
laundry_view,status set,2022-03-05 17:46:05.868000+00:00,busy,
laundry_view,status set,2022-03-05 13:50:10.319000+00:00,busy,
laundry_view,status set,2022-03-06 14:59:46.666000+00:00,busy,
laundry_view,status set,2022-03-07 00:11:30.940000+00:00,busy,
laundry_view,status set,2022-03-05 18:01:50.293000+00:00,busy,
laundry_view,status set,2022-03-05 13:30:20.981000+00:00,busy,
laundry_view,status set,2022-03-06 18:59:04.953000+00:00,busy,
laundry_view,status set,2022-03-06 00:29:47.108000+00:00,busy,
laundry_view,status set,2022-03-05 21:23:09.672000+00:00,busy,
laundry_view,status set,2022-03-05 13:35:25.112000+00:00,busy,
laundry_view,status set,2022-03-06 00:43:29.184000+00:00,busy,
laundry_view,status set,2022-03-06 18:58:34.406000+00:00,busy,
laundry_view,status set,2022-03-07 00:29:47.084000+00:00,busy,
laundry_view,status set,2022-03-06 14:56:13.437000+00:00,busy,
laundry_view,status set,2022-03-07 00:43:59.401000+00:00,busy,
laundry_view,status set,2022-03-05 17:49:38.871000+00:00,busy,
button,pressed,2022-03-05 01:14:54.872000+00:00,waiting,
laundry_view,status set,2022-03-06 18:37:47.073000+00:00,busy,
laundry_view,status set,2022-03-07 01:44:37.142000+00:00,busy,
laundry_view,status set,2022-03-06 15:09:55.399000+00:00,busy,
laundry_view,status set,2022-03-05 13:34:24.289000+00:00,busy,
laundry_view,status set,2022-03-05 17:50:09.263000+00:00,busy,
laundry_view,status set,2022-03-06 20:05:46.055000+00:00,busy,
laundry_view,status set,2022-03-07 02:16:53.672000+00:00,busy,
laundry_view,status set,2022-03-06 12:55:38.324000+00:00,busy,
laundry_view,status set,2022-03-06 15:18:32.663000+00:00,busy,
laundry_view,status changed,2022-03-06 20:27:11.626000+00:00,waiting,busy
laundry_view,status set,2022-03-05 17:52:11.049000+00:00,busy,
laundry_view,status set,2022-03-06 13:03:48.052000+00:00,busy,
laundry_view,status set,2022-03-06 01:05:19.186000+00:00,busy,
laundry_view,status set,2022-03-06 15:20:03.895000+00:00,busy,
laundry_view,status set,2022-03-05 21:18:05.506000+00:00,busy,
laundry_view,status set,2022-03-06 18:34:13.925000+00:00,busy,
laundry_view,status set,2022-03-06 20:25:09.825000+00:00,busy,
laundry_view,status set,2022-03-05 17:45:35.396000+00:00,busy,
laundry_view,status set,2022-03-06 18:43:21.911000+00:00,busy,
laundry_view,status set,2022-03-07 02:34:12.474000+00:00,busy,
laundry_view,status set,2022-03-06 00:41:57.786000+00:00,busy,
laundry_view,status set,2022-03-06 12:48:32.557000+00:00,busy,
laundry_view,status set,2022-03-07 02:39:47.404000+00:00,busy,
laundry_view,status set,2022-03-06 16:55:33.285000+00:00,busy,
laundry_view,status set,2022-03-06 13:04:49.035000+00:00,busy,
laundry_view,status set,2022-03-05 18:53:56.379000+00:00,busy,
laundry_view,status set,2022-03-06 01:03:17.348000+00:00,busy,
laundry_view,status set,2022-03-06 00:56:10.247000+00:00,busy,
laundry_view,status set,2022-03-06 12:50:34.117000+00:00,busy,
laundry_view,status set,2022-03-05 17:58:47.754000+00:00,busy,
laundry_view,status set,2022-03-05 13:27:48.811000+00:00,busy,
laundry_view,status set,2022-03-06 00:57:11.058000+00:00,busy,
laundry_view,status set,2022-03-05 17:48:38.039000+00:00,busy,
laundry_view,status set,2022-03-05 17:30:51.522000+00:00,busy,
laundry_view,status set,2022-03-07 02:35:13.497000+00:00,busy,
laundry_view,status set,2022-03-05 21:29:15.532000+00:00,busy,
laundry_view,status set,2022-03-05 17:43:33.772000+00:00,busy,
laundry_view,status set,2022-03-05 18:55:27.570000+00:00,busy,
laundry_view,status set,2022-03-06 18:31:11.312000+00:00,busy,
laundry_view,status set,2022-03-06 12:45:29.742000+00:00,busy,
laundry_view,status set,2022-03-07 02:37:45.726000+00:00,busy,
laundry_view,status set,2022-03-06 16:35:46.365000+00:00,busy,
laundry_view,status set,2022-03-05 18:32:07.836000+00:00,busy,
laundry_view,status set,2022-03-06 18:52:59.770000+00:00,busy,
laundry_view,status set,2022-03-05 17:55:14.495000+00:00,busy,
laundry_view,status set,2022-03-07 02:42:49.850000+00:00,busy,
laundry_view,status set,2022-03-06 13:09:24.746000+00:00,busy,
laundry_view,status set,2022-03-07 02:25:34.523000+00:00,busy,
laundry_view,status set,2022-03-05 21:33:18.912000+00:00,busy,
laundry_view,status set,2022-03-05 13:28:49.641000+00:00,busy,
laundry_view,status set,2022-03-05 18:33:39.288000+00:00,busy,
laundry_view,status changed,2022-03-07 01:50:11.825000+00:00,waiting,busy
laundry_view,status set,2022-03-07 02:38:46.559000+00:00,busy,
laundry_view,status set,2022-03-06 15:20:34.323000+00:00,busy,
laundry_view,status set,2022-03-05 18:00:19.072000+00:00,busy,
laundry_view,status set,2022-03-05 21:02:21.181000+00:00,busy,
laundry_view,status set,2022-03-06 00:43:59.559000+00:00,busy,
laundry_view,status set,2022-03-07 00:19:38.159000+00:00,busy,
laundry_view,status set,2022-03-05 18:22:58.562000+00:00,busy,
laundry_view,status set,2022-03-06 00:58:11.857000+00:00,busy,
laundry_view,status set,2022-03-07 01:23:49.434000+00:00,busy,
laundry_view,status set,2022-03-05 17:26:17.430000+00:00,busy,
laundry_view,status set,2022-03-06 18:58:04.010000+00:00,busy,
laundry_view,status set,2022-03-06 15:01:17.940000+00:00,busy,
laundry_view,status set,2022-03-07 02:35:43.979000+00:00,busy,
laundry_view,status set,2022-03-05 21:20:37.584000+00:00,busy,
laundry_view,status set,2022-03-07 00:11:00.565000+00:00,busy,
laundry_view,status set,2022-03-05 18:35:10.588000+00:00,busy,
laundry_view,status set,2022-03-05 18:49:53.108000+00:00,busy,
laundry_view,status set,2022-03-07 01:36:59.835000+00:00,busy,
laundry_view,status set,2022-03-07 00:07:57.641000+00:00,busy,
laundry_view,status set,2022-03-06 19:00:05.755000+00:00,busy,
laundry_view,status set,2022-03-07 00:18:07.005000+00:00,busy,
laundry_view,status set,2022-03-07 00:20:38.986000+00:00,busy,
laundry_view,status set,2022-03-05 18:39:44.289000+00:00,busy,
laundry_view,status set,2022-03-05 21:24:10.753000+00:00,busy,
laundry_view,status set,2022-03-06 15:13:28.535000+00:00,busy,
laundry_view,status set,2022-03-06 18:43:52.332000+00:00,busy,
laundry_view,status set,2022-03-06 18:35:14.798000+00:00,busy,
laundry_view,status set,2022-03-07 00:29:16.724000+00:00,busy,
laundry_view,status set,2022-03-06 00:32:19.281000+00:00,busy,
laundry_view,status set,2022-03-06 16:39:19.610000+00:00,busy,
laundry_view,status set,2022-03-06 19:03:38.760000+00:00,busy,
laundry_view,status set,2022-03-06 13:20:03.732000+00:00,busy,
laundry_view,status set,2022-03-06 17:05:10.792000+00:00,busy,
laundry_view,status set,2022-03-05 17:32:53.398000+00:00,busy,
laundry_view,status set,2022-03-06 14:58:15.240000+00:00,busy,
laundry_view,status set,2022-03-06 18:42:51.453000+00:00,busy,
laundry_view,status set,2022-03-06 18:27:07.706000+00:00,busy,
laundry_view,status set,2022-03-06 15:19:03.053000+00:00,busy,
laundry_view,status set,2022-03-06 12:48:02.056000+00:00,busy,
laundry_view,status set,2022-03-05 13:48:39.010000+00:00,busy,
laundry_view,status set,2022-03-06 00:55:08.992000+00:00,busy,
laundry_view,status set,2022-03-06 12:51:34.977000+00:00,busy,
laundry_view,status set,2022-03-05 21:17:04.688000+00:00,busy,
laundry_view,status set,2022-03-06 00:48:33.409000+00:00,busy,
laundry_view,status set,2022-03-06 17:02:08.865000+00:00,busy,
laundry_view,status set,2022-03-07 00:30:48.002000+00:00,busy,
laundry_view,status set,2022-03-06 00:49:03.865000+00:00,busy,
laundry_view,status set,2022-03-06 19:50:00.695000+00:00,busy,
laundry_view,status set,2022-03-05 13:40:01.747000+00:00,busy,
laundry_view,status set,2022-03-06 13:22:05.455000+00:00,busy,
laundry_view,status set,2022-03-06 19:52:33.302000+00:00,busy,
laundry_view,status set,2022-03-05 18:57:29.249000+00:00,busy,
laundry_view,status set,2022-03-07 02:21:31.010000+00:00,busy,
laundry_view,status set,2022-03-07 00:24:12.325000+00:00,busy,
laundry_view,status set,2022-03-07 00:13:02.540000+00:00,busy,
laundry_view,status set,2022-03-06 00:50:35.174000+00:00,busy,
laundry_view,status set,2022-03-06 18:50:58.133000+00:00,busy,
laundry_view,status set,2022-03-06 00:38:55.043000+00:00,busy,
laundry_view,status set,2022-03-07 01:12:39.716000+00:00,busy,
laundry_view,status set,2022-03-06 20:05:15.648000+00:00,busy,
laundry_view,status set,2022-03-05 21:23:40.201000+00:00,busy,
laundry_view,status set,2022-03-06 14:59:16.137000+00:00,busy,
laundry_view,status set,2022-03-07 02:20:26.888000+00:00,busy,
laundry_view,status set,2022-03-06 00:49:34.291000+00:00,busy,
button,pressed,2022-03-05 01:23:45.533000+00:00,waiting,
laundry_view,status set,2022-03-06 12:46:30.647000+00:00,busy,
laundry_view,status set,2022-03-06 01:02:46.895000+00:00,busy,
laundry_view,status set,2022-03-07 01:31:55.864000+00:00,busy,
laundry_view,status set,2022-03-06 00:30:47.958000+00:00,busy,
laundry_view,status set,2022-03-06 15:35:19.828000+00:00,busy,
laundry_view,status set,2022-03-06 16:51:29.989000+00:00,busy,
laundry_view,status set,2022-03-05 13:52:42.524000+00:00,busy,
laundry_view,status set,2022-03-07 01:49:10.804000+00:00,busy,
laundry_view,status set,2022-03-06 15:17:01.442000+00:00,busy,
laundry_view,status set,2022-03-07 02:38:16.154000+00:00,busy,
laundry_view,status set,2022-03-06 16:47:26.487000+00:00,busy,
laundry_view,status set,2022-03-07 00:28:46.319000+00:00,busy,
laundry_view,status set,2022-03-06 00:46:31.677000+00:00,busy,
laundry_view,status set,2022-03-06 13:22:35.935000+00:00,busy,
laundry_view,status set,2022-03-06 00:40:56.908000+00:00,busy,
button,pressed,2022-03-05 18:05:34.830000+00:00,waiting,
laundry_view,status set,2022-03-05 13:34:54.705000+00:00,busy,
laundry_view,status set,2022-03-05 17:38:28.016000+00:00,busy,
laundry_view,status set,2022-03-05 21:33:49.277000+00:00,busy,
laundry_view,status set,2022-03-05 18:36:11.368000+00:00,busy,
laundry_view,status set,2022-03-06 18:39:48.829000+00:00,busy,
laundry_view,status set,2022-03-06 00:31:18.422000+00:00,busy,
laundry_view,status set,2022-03-05 18:28:34.630000+00:00,busy,
laundry_view,status set,2022-03-05 17:42:02.166000+00:00,busy,
laundry_view,status set,2022-03-07 02:41:49.046000+00:00,busy,
button,pressed,2022-03-06 00:25:51.524000+00:00,waiting,
laundry_view,status set,2022-03-06 12:56:08.792000+00:00,busy,
laundry_view,status set,2022-03-07 01:18:44.218000+00:00,busy,
laundry_view,status set,2022-03-07 02:19:56.407000+00:00,busy,
laundry_view,status set,2022-03-06 13:11:56.811000+00:00,busy,
laundry_view,status set,2022-03-05 01:04:59.152000+00:00,busy,
laundry_view,status set,2022-03-05 21:15:33.478000+00:00,busy,
laundry_view,status set,2022-03-05 18:40:45.236000+00:00,busy,
laundry_view,status set,2022-03-06 00:34:20.985000+00:00,busy,
laundry_view,status set,2022-03-07 00:16:05.407000+00:00,busy,
laundry_view,status set,2022-03-05 18:37:12.233000+00:00,busy,
laundry_view,status set,2022-03-06 01:04:18.166000+00:00,busy,
laundry_view,status set,2022-03-06 00:46:01.258000+00:00,busy,
laundry_view,status set,2022-03-05 21:32:48.530000+00:00,busy,
laundry_view,status set,2022-03-06 18:39:18.420000+00:00,busy,
laundry_view,status set,2022-03-06 15:03:19.802000+00:00,busy,
laundry_view,status set,2022-03-06 16:33:44.595000+00:00,busy,
laundry_view,status set,2022-03-06 13:17:01.140000+00:00,busy,
laundry_view,status set,2022-03-06 16:56:34.207000+00:00,busy,
laundry_view,status set,2022-03-06 00:52:06.508000+00:00,busy,
laundry_view,status set,2022-03-05 18:03:52.338000+00:00,busy,
laundry_view,status set,2022-03-06 15:10:25.869000+00:00,busy,
laundry_view,status set,2022-03-07 00:23:41.893000+00:00,busy,
laundry_view,status set,2022-03-05 21:26:43.234000+00:00,busy,
laundry_view,status set,2022-03-07 02:19:26.009000+00:00,busy,
laundry_view,status set,2022-03-07 01:16:12.390000+00:00,busy,
laundry_view,status set,2022-03-05 21:27:13.670000+00:00,busy,
laundry_view,status set,2022-03-05 13:45:36.541000+00:00,busy,
laundry_view,status set,2022-03-05 18:26:31.646000+00:00,busy,
laundry_view,status set,2022-03-06 17:01:38.503000+00:00,busy,
laundry_view,status set,2022-03-06 19:46:57.900000+00:00,busy,
laundry_view,status changed,2022-03-05 01:05:29.648000+00:00,waiting,busy
laundry_view,status set,2022-03-05 18:58:30.110000+00:00,busy,
laundry_view,status set,2022-03-05 21:05:23.996000+00:00,busy,
laundry_view,status set,2022-03-06 19:54:35.428000+00:00,busy,
laundry_view,status set,2022-03-06 13:10:55.990000+00:00,busy,
laundry_view,status set,2022-03-06 13:02:47.228000+00:00,busy,
laundry_view,status set,2022-03-05 21:00:49.941000+00:00,busy,
laundry_view,status set,2022-03-07 01:38:31.322000+00:00,busy,
laundry_view,status set,2022-03-05 21:13:31.579000+00:00,busy,
laundry_view,status set,2022-03-06 15:27:40.182000+00:00,busy,
laundry_view,status set,2022-03-05 17:59:48.633000+00:00,busy,
laundry_view,status set,2022-03-06 13:12:27.171000+00:00,busy,
laundry_view,status set,2022-03-07 01:24:50.253000+00:00,busy,
laundry_view,status set,2022-03-05 17:40:30.916000+00:00,busy,
laundry_view,status set,2022-03-06 19:53:03.866000+00:00,busy,
laundry_view,status set,2022-03-05 21:08:26.947000+00:00,busy,
laundry_view,status set,2022-03-07 00:23:11.474000+00:00,busy,
laundry_view,status set,2022-03-06 20:07:17.492000+00:00,busy,
laundry_view,status set,2022-03-05 14:02:25.682000+00:00,busy,
laundry_view,status set,2022-03-07 00:35:52.396000+00:00,busy,
laundry_view,status set,2022-03-06 19:59:09.568000+00:00,busy,
laundry_view,status set,2022-03-05 21:14:32.586000+00:00,busy,
laundry_view,status set,2022-03-07 01:16:42.731000+00:00,busy,
laundry_view,status set,2022-03-07 00:06:56.862000+00:00,busy,
laundry_view,status set,2022-03-07 01:43:05.711000+00:00,busy,
laundry_view,status set,2022-03-07 02:43:50.780000+00:00,busy,
laundry_view,status set,2022-03-06 16:38:18.651000+00:00,busy,
laundry_view,status set,2022-03-07 02:46:53.470000+00:00,busy,
laundry_view,status set,2022-03-06 00:33:20.124000+00:00,busy,
laundry_view,status set,2022-03-05 13:29:50.473000+00:00,busy,
laundry_view,status set,2022-03-05 17:29:20.224000+00:00,busy,
laundry_view,status set,2022-03-05 17:54:13.717000+00:00,busy,
laundry_view,status set,2022-03-05 21:10:59.017000+00:00,busy,
laundry_view,status set,2022-03-06 12:51:04.567000+00:00,busy,
laundry_view,status set,2022-03-05 18:46:20.091000+00:00,busy,
laundry_view,status set,2022-03-07 00:07:27.225000+00:00,busy,
laundry_view,status set,2022-03-06 16:59:06.498000+00:00,busy,
laundry_view,status set,2022-03-06 20:17:31.997000+00:00,busy,
laundry_view,status set,2022-03-07 00:09:59.358000+00:00,busy,
laundry_view,status set,2022-03-05 17:38:58.507000+00:00,busy,
laundry_view,status set,2022-03-07 02:28:37.001000+00:00,busy,
laundry_view,status set,2022-03-06 20:18:02.582000+00:00,busy,
laundry_view,status set,2022-03-06 19:01:06.588000+00:00,busy,
laundry_view,status set,2022-03-05 13:45:06.112000+00:00,busy,
laundry_view,status set,2022-03-06 13:11:26.417000+00:00,busy,
laundry_view,status set,2022-03-06 13:07:21.249000+00:00,busy,
laundry_view,status set,2022-03-07 02:17:24.369000+00:00,busy,
laundry_view,status set,2022-03-07 00:34:21.079000+00:00,busy,
laundry_view,status set,2022-03-06 20:00:10.578000+00:00,busy,
laundry_view,status set,2022-03-06 16:34:45.563000+00:00,busy,
laundry_view,status set,2022-03-05 17:34:55.026000+00:00,busy,
laundry_view,status set,2022-03-07 02:40:17.794000+00:00,busy,
laundry_view,status set,2022-03-06 16:31:12.240000+00:00,busy,
laundry_view,status set,2022-03-07 01:48:09.975000+00:00,busy,
laundry_view,status set,2022-03-06 18:51:28.495000+00:00,busy,
laundry_view,status set,2022-03-07 01:28:53.401000+00:00,busy,
laundry_view,status set,2022-03-05 13:50:40.820000+00:00,busy,
laundry_view,status set,2022-03-05 18:40:14.798000+00:00,busy,
laundry_view,status set,2022-03-07 00:08:28.071000+00:00,busy,
laundry_view,status set,2022-03-06 16:32:13.252000+00:00,busy,
laundry_view,status set,2022-03-07 02:48:25.319000+00:00,busy,
laundry_view,status set,2022-03-06 16:58:36.092000+00:00,busy,
laundry_view,status set,2022-03-07 01:14:10.876000+00:00,busy,
laundry_view,status set,2022-03-07 01:41:03.810000+00:00,busy,
laundry_view,status set,2022-03-07 02:27:05.639000+00:00,busy,
laundry_view,status set,2022-03-05 21:28:45.111000+00:00,busy,
laundry_view,status set,2022-03-06 13:19:33.326000+00:00,busy,
laundry_view,status set,2022-03-06 17:04:10.178000+00:00,busy,
laundry_view,status set,2022-03-06 15:24:07.201000+00:00,busy,
laundry_view,status set,2022-03-05 17:35:25.419000+00:00,busy,
laundry_view,status set,2022-03-06 13:18:32.404000+00:00,busy,
laundry_view,status set,2022-03-06 20:18:33.043000+00:00,busy,
laundry_view,status set,2022-03-06 19:00:36.173000+00:00,busy,
laundry_view,status set,2022-03-06 20:04:14.682000+00:00,busy,
laundry_view,status set,2022-03-05 18:30:06.029000+00:00,busy,
laundry_view,status set,2022-03-05 13:27:18.386000+00:00,busy,
laundry_view,status set,2022-03-06 15:14:29.361000+00:00,busy,
laundry_view,status set,2022-03-05 18:54:57.187000+00:00,busy,
laundry_view,status set,2022-03-06 18:33:12.953000+00:00,busy,
laundry_view,status set,2022-03-06 16:54:32.499000+00:00,busy,
laundry_view,status set,2022-03-07 02:44:51.634000+00:00,busy,
laundry_view,status set,2022-03-05 13:54:44.160000+00:00,busy,
laundry_view,status set,2022-03-06 18:56:02.374000+00:00,busy,
laundry_view,status set,2022-03-07 01:17:43.465000+00:00,busy,
laundry_view,status set,2022-03-06 15:06:52.654000+00:00,busy,
laundry_view,status set,2022-03-05 18:42:46.953000+00:00,busy,
laundry_view,status set,2022-03-06 16:42:22.194000+00:00,busy,
button,pressed,2022-03-06 01:17:46.749000+00:00,waiting,
laundry_view,status set,2022-03-05 13:41:02.708000+00:00,busy,
laundry_view,status set,2022-03-06 20:09:19.688000+00:00,busy,
laundry_view,status set,2022-03-05 17:41:31.736000+00:00,busy,
laundry_view,status set,2022-03-06 15:24:37.618000+00:00,busy,
laundry_view,status set,2022-03-06 16:28:07.005000+00:00,busy,
laundry_view,status set,2022-03-05 21:25:11.601000+00:00,busy,
laundry_view,status set,2022-03-06 18:35:45.183000+00:00,busy,
laundry_view,status set,2022-03-06 15:35:50.283000+00:00,busy,
laundry_view,status changed,2022-03-06 19:04:40.095000+00:00,waiting,busy
laundry_view,status set,2022-03-06 20:14:24.262000+00:00,busy,
laundry_view,status set,2022-03-06 16:37:48.162000+00:00,busy,
laundry_view,status set,2022-03-06 19:48:29.194000+00:00,busy,
laundry_view,status set,2022-03-05 17:52:41.430000+00:00,busy,
laundry_view,status set,2022-03-05 18:49:22.666000+00:00,busy,
laundry_view,status set,2022-03-06 19:02:07.525000+00:00,busy,
laundry_view,status set,2022-03-06 16:56:03.757000+00:00,busy,
laundry_view,status set,2022-03-06 15:33:48.456000+00:00,busy,
laundry_view,status set,2022-03-07 02:23:32.751000+00:00,busy,
laundry_view,status set,2022-03-05 21:14:02.031000+00:00,busy,
laundry_view,status set,2022-03-05 13:47:38.181000+00:00,busy,
laundry_view,status set,2022-03-06 13:02:16.756000+00:00,busy,
laundry_view,status set,2022-03-05 14:01:55.269000+00:00,busy,
laundry_view,status set,2022-03-05 13:31:52.216000+00:00,busy,
laundry_view,status set,2022-03-07 02:29:37.976000+00:00,busy,
laundry_view,status set,2022-03-06 13:07:51.686000+00:00,busy,
laundry_view,status set,2022-03-05 18:54:26.797000+00:00,busy,
laundry_view,status set,2022-03-05 17:50:39.713000+00:00,busy,
laundry_view,status set,2022-03-05 13:37:57.274000+00:00,busy,
laundry_view,status set,2022-03-06 19:57:07.600000+00:00,busy,
laundry_view,status set,2022-03-05 18:59:31.124000+00:00,busy,
laundry_view,status set,2022-03-05 17:56:15.613000+00:00,busy,
laundry_view,status set,2022-03-07 02:34:42.947000+00:00,busy,
laundry_view,status set,2022-03-05 18:42:16.586000+00:00,busy,
laundry_view,status set,2022-03-06 19:47:28.263000+00:00,busy,
laundry_view,status set,2022-03-06 18:52:29.355000+00:00,busy,
laundry_view,status set,2022-03-05 13:58:17.282000+00:00,busy,
laundry_view,status set,2022-03-05 21:04:23.077000+00:00,busy,
laundry_view,status set,2022-03-05 17:27:48.764000+00:00,busy,
laundry_view,status set,2022-03-06 16:44:54.451000+00:00,busy,
laundry_view,status set,2022-03-05 13:59:18.085000+00:00,busy,
laundry_view,status set,2022-03-07 02:47:54.618000+00:00,busy,
laundry_view,status set,2022-03-05 21:19:06.338000+00:00,busy,
laundry_view,status set,2022-03-07 01:48:40.383000+00:00,busy,
laundry_view,status set,2022-03-06 16:47:56.912000+00:00,busy,
laundry_view,status set,2022-03-06 13:04:18.472000+00:00,busy,
laundry_view,status set,2022-03-05 14:03:26.510000+00:00,busy,
laundry_view,status set,2022-03-06 00:54:38.612000+00:00,busy,
laundry_view,status set,2022-03-06 18:53:30.219000+00:00,busy,
laundry_view,status set,2022-03-07 00:17:06.219000+00:00,busy,
laundry_view,status set,2022-03-06 18:47:55.560000+00:00,busy,
laundry_view,status set,2022-03-05 21:36:52.039000+00:00,busy,
laundry_view,status set,2022-03-06 15:21:35.151000+00:00,busy,
laundry_view,status set,2022-03-06 16:49:58.652000+00:00,busy,
laundry_view,status set,2022-03-05 13:33:23.462000+00:00,busy,
laundry_view,status set,2022-03-06 16:40:20.542000+00:00,busy,
laundry_view,status set,2022-03-05 01:04:28.704000+00:00,busy,
laundry_view,status set,2022-03-06 16:39:50.095000+00:00,busy,
laundry_view,status set,2022-03-06 20:14:54.679000+00:00,busy,
laundry_view,status set,2022-03-06 16:50:59.568000+00:00,busy,
laundry_view,status set,2022-03-05 21:21:08.027000+00:00,busy,
laundry_view,status set,2022-03-07 00:30:17.545000+00:00,busy,
laundry_view,status set,2022-03-06 15:29:45.119000+00:00,busy,
laundry_view,status set,2022-03-07 00:34:51.614000+00:00,busy,
laundry_view,status set,2022-03-07 02:33:41.967000+00:00,busy,
laundry_view,status set,2022-03-06 00:47:32.495000+00:00,busy,
laundry_view,status set,2022-03-05 18:32:38.294000+00:00,busy,
laundry_view,status set,2022-03-05 17:43:03.019000+00:00,busy,
laundry_view,status set,2022-03-05 17:44:04.200000+00:00,busy,
laundry_view,status set,2022-03-06 00:59:44.345000+00:00,busy,
button,pressed,2022-03-05 19:11:02.160000+00:00,waiting,
laundry_view,status set,2022-03-06 18:44:22.754000+00:00,busy,
laundry_view,status set,2022-03-07 00:22:41.037000+00:00,busy,
laundry_view,status set,2022-03-06 12:49:33.306000+00:00,busy,
laundry_view,status set,2022-03-05 21:08:57.356000+00:00,busy,
laundry_view,status set,2022-03-05 21:03:22.092000+00:00,busy,
laundry_view,status set,2022-03-05 18:41:46.156000+00:00,busy,
laundry_view,status set,2022-03-07 02:15:22.459000+00:00,busy,
laundry_view,status set,2022-03-05 13:42:33.963000+00:00,busy,
laundry_view,status set,2022-03-06 16:29:40.800000+00:00,busy,
laundry_view,status set,2022-03-06 00:33:50.524000+00:00,busy,
laundry_view,status set,2022-03-06 15:22:36.002000+00:00,busy,
laundry_view,status set,2022-03-05 13:46:06.973000+00:00,busy,
laundry_view,status set,2022-03-06 15:11:57.341000+00:00,busy,
laundry_view,status set,2022-03-06 00:58:42.459000+00:00,busy,
laundry_view,status set,2022-03-06 00:54:08.167000+00:00,busy,
button,pressed,2022-03-06 17:11:16.630000+00:00,waiting,
laundry_view,status set,2022-03-07 01:36:29.448000+00:00,busy,
laundry_view,status set,2022-03-05 20:59:49.098000+00:00,busy,
laundry_view,status set,2022-03-06 20:15:30.166000+00:00,busy,
laundry_view,status set,2022-03-05 13:41:33.119000+00:00,busy,
laundry_view,status set,2022-03-05 21:04:53.532000+00:00,busy,
laundry_view,status set,2022-03-06 18:32:42.516000+00:00,busy,
laundry_view,status set,2022-03-05 21:12:00.163000+00:00,busy,
laundry_view,status set,2022-03-07 02:23:02.325000+00:00,busy,
laundry_view,status set,2022-03-06 16:42:52.671000+00:00,busy,
laundry_view,status set,2022-03-07 00:18:37.376000+00:00,busy,
laundry_view,status set,2022-03-05 18:27:03.098000+00:00,busy,
laundry_view,status set,2022-03-06 16:30:41.778000+00:00,busy,
laundry_view,status set,2022-03-05 18:51:54.750000+00:00,busy,
laundry_view,status set,2022-03-06 18:29:40.064000+00:00,busy,
laundry_view,status set,2022-03-06 16:53:01.243000+00:00,busy,
laundry_view,status set,2022-03-07 01:15:42.013000+00:00,busy,
laundry_view,status set,2022-03-06 20:06:16.543000+00:00,busy,
laundry_view,status set,2022-03-06 19:54:04.965000+00:00,busy,
laundry_view,status set,2022-03-06 15:02:18.916000+00:00,busy,
laundry_view,status set,2022-03-07 01:26:51.808000+00:00,busy,
laundry_view,status set,2022-03-06 13:00:15.067000+00:00,busy,
laundry_view,status set,2022-03-06 15:31:46.784000+00:00,busy,
laundry_view,status set,2022-03-07 01:25:51.050000+00:00,busy,
laundry_view,status set,2022-03-06 16:43:23.119000+00:00,busy,
laundry_view,status set,2022-03-05 18:56:58.861000+00:00,busy,
laundry_view,status set,2022-03-05 21:05:54.483000+00:00,busy,
laundry_view,status set,2022-03-07 02:31:09.662000+00:00,busy,
laundry_view,status set,2022-03-06 18:28:39.114000+00:00,busy,
laundry_view,status set,2022-03-06 00:45:30.844000+00:00,busy,
laundry_view,status set,2022-03-05 21:25:42.258000+00:00,busy,
laundry_view,status set,2022-03-07 00:31:48.883000+00:00,busy,
laundry_view,status set,2022-03-06 14:56:43.862000+00:00,busy,
laundry_view,status set,2022-03-06 00:45:00.446000+00:00,busy,
laundry_view,status set,2022-03-07 01:33:27.105000+00:00,busy,
laundry_view,status set,2022-03-07 00:36:22.855000+00:00,busy,
laundry_view,status set,2022-03-05 21:06:55.288000+00:00,busy,
laundry_view,status set,2022-03-06 20:13:53.857000+00:00,busy,
laundry_view,status set,2022-03-05 18:01:19.854000+00:00,busy,
laundry_view,status set,2022-03-06 16:49:28.136000+00:00,busy,
laundry_view,status set,2022-03-05 13:36:56.450000+00:00,busy,
laundry_view,status set,2022-03-06 00:52:36.870000+00:00,busy,
laundry_view,status set,2022-03-06 16:44:23.975000+00:00,busy,
laundry_view,status set,2022-03-05 17:35:55.842000+00:00,busy,
laundry_view,status set,2022-03-05 14:01:24.783000+00:00,busy,
laundry_view,status set,2022-03-06 16:57:04.744000+00:00,busy,
laundry_view,status set,2022-03-07 00:39:25.484000+00:00,busy,
laundry_view,status set,2022-03-06 20:12:52.863000+00:00,busy,
laundry_view,status set,2022-03-06 00:35:21.843000+00:00,busy,
laundry_view,status set,2022-03-05 01:03:24.796000+00:00,busy,
laundry_view,status set,2022-03-07 00:27:45.486000+00:00,busy,
laundry_view,status set,2022-03-06 15:12:27.707000+00:00,busy,
laundry_view,status set,2022-03-06 18:54:31.111000+00:00,busy,
laundry_view,status set,2022-03-07 01:11:38.932000+00:00,busy,
laundry_view,status set,2022-03-05 18:44:48.754000+00:00,busy,
laundry_view,status set,2022-03-07 00:41:57.665000+00:00,busy,
laundry_view,status set,2022-03-06 18:27:38.087000+00:00,busy,
laundry_view,status set,2022-03-06 18:38:17.513000+00:00,busy,
laundry_view,status set,2022-03-07 01:41:34.207000+00:00,busy,
laundry_view,status set,2022-03-06 15:19:33.489000+00:00,busy,
button,pressed,2022-03-07 00:49:27.076000+00:00,waiting,
laundry_view,status set,2022-03-06 20:06:46.977000+00:00,busy,
laundry_view,status set,2022-03-06 16:32:43.693000+00:00,busy,
laundry_view,status set,2022-03-06 15:00:47.510000+00:00,busy,
laundry_view,status set,2022-03-06 19:56:06.784000+00:00,busy,
laundry_view,status set,2022-03-05 17:28:19.270000+00:00,busy,
laundry_view,status set,2022-03-05 13:57:46.769000+00:00,busy,
laundry_view,status set,2022-03-05 13:35:55.632000+00:00,busy,
laundry_view,status set,2022-03-07 01:34:58.282000+00:00,busy,
laundry_view,status set,2022-03-05 21:29:45.971000+00:00,busy,
button,pressed,2022-03-06 15:42:26.603000+00:00,waiting,
laundry_view,status set,2022-03-07 01:29:54.200000+00:00,busy,
laundry_view,status set,2022-03-06 15:23:36.774000+00:00,busy,
laundry_view,status changed,2022-03-06 17:06:41.798000+00:00,waiting,busy
laundry_view,status set,2022-03-06 15:03:50.144000+00:00,busy,
laundry_view,status set,2022-03-05 13:51:41.700000+00:00,busy,
laundry_view,status set,2022-03-05 21:20:07.154000+00:00,busy,
laundry_view,status set,2022-03-06 16:50:29.072000+00:00,busy,
laundry_view,status set,2022-03-06 20:04:45.127000+00:00,busy,
laundry_view,status set,2022-03-07 00:38:24.531000+00:00,busy,
laundry_view,status set,2022-03-06 16:48:27.308000+00:00,busy,
laundry_view,status set,2022-03-06 19:50:31.135000+00:00,busy,
laundry_view,status set,2022-03-06 20:25:40.255000+00:00,busy,
laundry_view,status set,2022-03-05 17:36:56.692000+00:00,busy,
laundry_view,status set,2022-03-05 21:34:50.169000+00:00,busy,
laundry_view,status set,2022-03-06 19:49:30.283000+00:00,busy,
laundry_view,status set,2022-03-07 01:21:47.848000+00:00,busy,
laundry_view,status set,2022-03-07 01:13:40.483000+00:00,busy,
laundry_view,status set,2022-03-05 18:59:00.641000+00:00,busy,
laundry_view,status set,2022-03-05 21:21:38.517000+00:00,busy,
laundry_view,status set,2022-03-06 00:35:52.279000+00:00,busy,
laundry_view,status set,2022-03-05 17:31:21.957000+00:00,busy,
laundry_view,status set,2022-03-07 01:21:17.317000+00:00,busy,
laundry_view,status set,2022-03-07 00:37:23.611000+00:00,busy,
laundry_view,status set,2022-03-06 01:01:15.694000+00:00,busy,
laundry_view,status set,2022-03-05 18:41:15.694000+00:00,busy,
laundry_view,status set,2022-03-06 14:57:14.298000+00:00,busy,
laundry_view,status set,2022-03-06 13:15:29.696000+00:00,busy,
laundry_view,status set,2022-03-07 01:20:16.436000+00:00,busy,
laundry_view,status set,2022-03-06 16:36:16.822000+00:00,busy,
laundry_view,status set,2022-03-06 15:22:05.544000+00:00,busy,
laundry_view,status set,2022-03-06 18:48:56.454000+00:00,busy,
laundry_view,status set,2022-03-05 17:51:10.202000+00:00,busy,
laundry_view,status set,2022-03-06 13:05:50.012000+00:00,busy,
laundry_view,status set,2022-03-06 13:21:35.059000+00:00,busy,
laundry_view,status set,2022-03-05 18:03:21.953000+00:00,busy,
laundry_view,status set,2022-03-05 13:51:11.309000+00:00,busy,
laundry_view,status set,2022-03-06 12:52:35.805000+00:00,busy,
laundry_view,status set,2022-03-07 02:32:10.587000+00:00,busy,
laundry_view,status set,2022-03-07 00:40:56.851000+00:00,busy,
laundry_view,status set,2022-03-07 01:35:59.074000+00:00,busy,
laundry_view,status set,2022-03-07 00:42:58.537000+00:00,busy,
laundry_view,status set,2022-03-06 15:14:59.773000+00:00,busy,
laundry_view,status set,2022-03-07 01:47:09.156000+00:00,busy,
laundry_view,status set,2022-03-05 18:23:59.310000+00:00,busy,
laundry_view,status set,2022-03-06 15:11:26.677000+00:00,busy,
laundry_view,status set,2022-03-06 16:52:30.777000+00:00,busy,
laundry_view,status set,2022-03-05 18:52:55.499000+00:00,busy,
laundry_view,status set,2022-03-06 13:05:19.549000+00:00,busy,
laundry_view,status set,2022-03-05 13:58:47.699000+00:00,busy,
laundry_view,status set,2022-03-06 15:25:38.464000+00:00,busy,
laundry_view,status set,2022-03-07 01:31:25.383000+00:00,busy,
laundry_view,status set,2022-03-07 02:43:20.300000+00:00,busy,
laundry_view,status set,2022-03-05 18:31:37.382000+00:00,busy,
laundry_view,status set,2022-03-06 18:55:01.564000+00:00,busy,
laundry_view,status set,2022-03-05 21:06:24.888000+00:00,busy,
laundry_view,status set,2022-03-07 01:18:13.863000+00:00,busy,
laundry_view,status set,2022-03-06 20:26:41.253000+00:00,busy,
laundry_view,status set,2022-03-06 20:24:39.340000+00:00,busy,
laundry_view,status set,2022-03-06 20:10:50.982000+00:00,busy,
laundry_view,status set,2022-03-06 19:44:56.122000+00:00,busy,
laundry_view,status set,2022-03-06 15:04:51.027000+00:00,busy,
laundry_view,status set,2022-03-07 02:32:41.066000+00:00,busy,
laundry_view,status set,2022-03-06 18:56:32.760000+00:00,busy,
laundry_view,status set,2022-03-05 17:54:44.081000+00:00,busy,
laundry_view,status set,2022-03-06 00:53:37.669000+00:00,busy,
laundry_view,status set,2022-03-07 02:44:21.226000+00:00,busy,
laundry_view,status set,2022-03-06 18:41:20.095000+00:00,busy,
laundry_view,status set,2022-03-05 18:29:35.610000+00:00,busy,
laundry_view,status set,2022-03-05 21:31:17.159000+00:00,busy,
laundry_view,status set,2022-03-06 16:48:57.662000+00:00,busy,
laundry_view,status set,2022-03-06 15:33:18.111000+00:00,busy,
laundry_view,status set,2022-03-07 00:32:19.317000+00:00,busy,
laundry_view,status set,2022-03-06 00:41:27.297000+00:00,busy,
laundry_view,status set,2022-03-06 13:19:02.912000+00:00,busy,
laundry_view,status set,2022-03-06 15:34:18.907000+00:00,busy,
laundry_view,status set,2022-03-06 18:54:00.638000+00:00,busy,
laundry_view,status set,2022-03-06 18:45:23.571000+00:00,busy,
laundry_view,status set,2022-03-05 18:31:06.955000+00:00,busy,
laundry_view,status set,2022-03-07 01:44:06.683000+00:00,busy,
laundry_view,status set,2022-03-05 13:28:19.224000+00:00,busy,
laundry_view,status set,2022-03-06 00:51:05.622000+00:00,busy,
laundry_view,status set,2022-03-05 13:47:07.767000+00:00,busy,
laundry_view,status set,2022-03-07 00:42:28.078000+00:00,busy,
laundry_view,status set,2022-03-06 12:53:06.177000+00:00,busy,
laundry_view,status set,2022-03-07 00:33:50.640000+00:00,busy,
laundry_view,status set,2022-03-05 13:43:04.332000+00:00,busy,
laundry_view,status set,2022-03-06 15:10:56.249000+00:00,busy,
laundry_view,status set,2022-03-06 17:04:40.476000+00:00,busy,
laundry_view,status set,2022-03-06 17:00:07.363000+00:00,busy,
laundry_view,status set,2022-03-07 02:26:04.895000+00:00,busy,
laundry_view,status set,2022-03-07 02:39:16.939000+00:00,busy,
laundry_view,status set,2022-03-06 18:51:58.947000+00:00,busy,
laundry_view,status set,2022-03-06 19:57:38.116000+00:00,busy,
laundry_view,status set,2022-03-06 01:05:49.557000+00:00,busy,
laundry_view,status set,2022-03-07 01:12:09.314000+00:00,busy,
laundry_view,status set,2022-03-05 21:30:46.773000+00:00,busy,
laundry_view,status set,2022-03-07 01:30:55.007000+00:00,busy,
button,pressed,2022-03-07 01:39:10.749000+00:00,busy,
button,pressed,2022-03-07 08:10:02.546000+00:00,waiting,
laundry_view,status set,2022-03-05 21:19:36.745000+00:00,busy,
laundry_view,status set,2022-03-06 13:00:45.461000+00:00,busy,
laundry_view,status set,2022-03-05 18:23:28.927000+00:00,busy,
laundry_view,status set,2022-03-05 13:30:51.400000+00:00,busy,
laundry_view,status set,2022-03-06 16:38:49.067000+00:00,busy,
laundry_view,status set,2022-03-06 18:40:19.241000+00:00,busy,
laundry_view,status set,2022-03-05 17:59:18.233000+00:00,busy,
laundry_view,status set,2022-03-05 18:51:24.324000+00:00,busy,
laundry_view,status set,2022-03-05 21:26:12.824000+00:00,busy,
laundry_view,status set,2022-03-05 18:37:42.663000+00:00,busy,
laundry_view,status set,2022-03-06 12:47:01.051000+00:00,busy,
laundry_view,status set,2022-03-06 15:32:47.703000+00:00,busy,
laundry_view,status set,2022-03-06 17:03:09.528000+00:00,busy,
laundry_view,status set,2022-03-06 19:45:26.564000+00:00,busy,
laundry_view,status set,2022-03-06 20:11:51.956000+00:00,busy,
laundry_view,status set,2022-03-06 14:57:44.789000+00:00,busy,
laundry_view,status set,2022-03-06 12:49:02.932000+00:00,busy,
laundry_view,status set,2022-03-06 20:08:49.073000+00:00,busy,
laundry_view,status set,2022-03-05 21:35:50.976000+00:00,busy,
laundry_view,status set,2022-03-07 02:47:24.170000+00:00,busy,
laundry_view,status set,2022-03-06 18:38:47.910000+00:00,busy,
laundry_view,status set,2022-03-05 21:36:21.451000+00:00,busy,
laundry_view,status set,2022-03-06 15:30:15.521000+00:00,busy,
laundry_view,status set,2022-03-06 00:42:28.322000+00:00,busy,
laundry_view,status set,2022-03-06 18:34:44.322000+00:00,busy,
laundry_view,status set,2022-03-06 00:37:23.542000+00:00,busy,
laundry_view,status set,2022-03-06 00:34:51.433000+00:00,busy,
laundry_view,status set,2022-03-07 01:13:10.100000+00:00,busy,
laundry_view,status set,2022-03-07 01:22:18.246000+00:00,busy,
laundry_view,status set,2022-03-07 01:42:35.119000+00:00,busy,
laundry_view,status set,2022-03-06 16:31:42.654000+00:00,busy,
laundry_view,status set,2022-03-06 16:35:15.998000+00:00,busy,
laundry_view,status set,2022-03-06 00:56:40.633000+00:00,busy,
laundry_view,status set,2022-03-06 16:41:21.328000+00:00,busy,
laundry_view,status set,2022-03-06 13:17:31.495000+00:00,busy,
laundry_view,status set,2022-03-05 18:47:20.893000+00:00,busy,
laundry_view,status set,2022-03-05 17:34:24.613000+00:00,busy,
laundry_view,status set,2022-03-05 13:38:58.193000+00:00,busy,
laundry_view,status set,2022-03-05 13:55:14.730000+00:00,busy,
laundry_view,status set,2022-03-06 13:13:58.477000+00:00,busy,
laundry_view,status set,2022-03-05 17:39:30.024000+00:00,busy,
laundry_view,status set,2022-03-07 01:27:22.175000+00:00,busy,
laundry_view,status set,2022-03-07 02:22:31.917000+00:00,busy,
laundry_view,status set,2022-03-07 01:22:48.629000+00:00,busy,
laundry_view,status set,2022-03-05 18:30:36.444000+00:00,busy,
laundry_view,status set,2022-03-07 02:29:07.597000+00:00,busy,
laundry_view,status set,2022-03-07 02:13:51.209000+00:00,busy,
laundry_view,status set,2022-03-05 13:57:16.348000+00:00,busy,
laundry_view,status set,2022-03-05 13:37:26.846000+00:00,busy,
laundry_view,status set,2022-03-05 01:03:58.307000+00:00,busy,
laundry_view,status set,2022-03-07 00:38:54.981000+00:00,busy,
laundry_view,status set,2022-03-06 16:59:36.907000+00:00,busy,
laundry_view,status set,2022-03-06 13:20:34.196000+00:00,busy,
laundry_view,status set,2022-03-06 18:47:25.154000+00:00,busy,
laundry_view,status set,2022-03-06 12:59:44.614000+00:00,busy,
laundry_view,status set,2022-03-07 01:47:39.567000+00:00,busy,
laundry_view,status set,2022-03-06 12:57:40.032000+00:00,busy,
laundry_view,status set,2022-03-07 01:45:07.528000+00:00,busy,
laundry_view,status set,2022-03-06 19:47:58.740000+00:00,busy,
laundry_view,status set,2022-03-05 21:01:50.772000+00:00,busy,
laundry_view,status set,2022-03-06 15:31:16.362000+00:00,busy,
laundry_view,status set,2022-03-06 00:31:48.862000+00:00,busy,
laundry_view,status set,2022-03-06 20:19:03.559000+00:00,busy,
laundry_view,status set,2022-03-05 18:25:00.291000+00:00,busy,
laundry_view,status set,2022-03-07 02:25:04.086000+00:00,busy,
laundry_view,status set,2022-03-05 21:34:19.746000+00:00,busy,
laundry_view,status set,2022-03-06 13:14:59.264000+00:00,busy,
laundry_view,status set,2022-03-05 18:02:20.716000+00:00,busy,
laundry_view,status set,2022-03-06 12:52:05.380000+00:00,busy,
button,pressed,2022-03-06 19:10:56.570000+00:00,waiting,
laundry_view,status set,2022-03-06 13:08:54.323000+00:00,busy,
laundry_view,status set,2022-03-06 19:46:27.444000+00:00,busy,
laundry_view,status set,2022-03-07 00:25:13.209000+00:00,busy,
laundry_view,status set,2022-03-07 02:27:36.064000+00:00,busy,
laundry_view,status set,2022-03-06 15:04:20.597000+00:00,busy,
laundry_view,status set,2022-03-07 02:18:55.630000+00:00,busy,
laundry_view,status set,2022-03-06 00:53:07.247000+00:00,busy,
button,pressed,2022-03-07 01:53:29.996000+00:00,waiting,
laundry_view,status set,2022-03-06 00:30:17.535000+00:00,busy,
laundry_view,status set,2022-03-05 21:09:58.183000+00:00,busy,
laundry_view,status set,2022-03-06 13:18:01.967000+00:00,busy,
laundry_view,status set,2022-03-06 16:54:02.039000+00:00,busy,
button,pressed,2022-03-06 20:29:22.806000+00:00,waiting,
laundry_view,status set,2022-03-07 00:33:20.238000+00:00,busy,
laundry_view,status set,2022-03-07 02:36:44.796000+00:00,busy,
laundry_view,status set,2022-03-07 02:14:21.620000+00:00,busy,
laundry_view,status set,2022-03-06 15:05:51.827000+00:00,busy,
laundry_view,status set,2022-03-07 00:43:29.014000+00:00,busy,
laundry_view,status set,2022-03-06 20:10:20.592000+00:00,busy,
laundry_view,status set,2022-03-06 15:07:23.053000+00:00,busy,
laundry_view,status set,2022-03-07 01:14:41.258000+00:00,busy,
laundry_view,status set,2022-03-07 02:40:48.201000+00:00,busy,
laundry_view,status changed,2022-03-05 19:00:06.539000+00:00,waiting,busy
laundry_view,status set,2022-03-06 00:36:22.688000+00:00,busy,
laundry_view,status set,2022-03-06 12:57:09.623000+00:00,busy,
laundry_view,status set,2022-03-07 02:42:19.450000+00:00,busy,
laundry_view,status set,2022-03-06 12:54:37.548000+00:00,busy,
laundry_view,status set,2022-03-05 17:58:17.260000+00:00,busy,
laundry_view,status set,2022-03-07 00:21:09.422000+00:00,busy,
laundry_view,status set,2022-03-06 15:21:04.753000+00:00,busy,
laundry_view,status set,2022-03-07 00:10:30.081000+00:00,busy,
laundry_view,status set,2022-03-07 01:45:37.942000+00:00,busy,
laundry_view,status set,2022-03-06 13:13:28.096000+00:00,busy,
laundry_view,status set,2022-03-05 18:50:53.907000+00:00,busy,
laundry_view,status set,2022-03-05 13:55:45.093000+00:00,busy,
laundry_view,status set,2022-03-05 13:38:27.730000+00:00,busy,
laundry_view,status set,2022-03-05 18:35:40.987000+00:00,busy,
laundry_view,status changed,2022-03-07 02:48:55.746000+00:00,waiting,busy
laundry_view,status set,2022-03-05 13:49:39.949000+00:00,busy,
laundry_view,status set,2022-03-06 16:45:55.243000+00:00,busy,
laundry_view,status set,2022-03-05 13:29:20.016000+00:00,busy,
laundry_view,status set,2022-03-05 21:18:35.919000+00:00,busy,
laundry_view,status set,2022-03-06 20:01:42.056000+00:00,busy,
laundry_view,status set,2022-03-06 15:06:22.244000+00:00,busy,
laundry_view,status set,2022-03-07 00:28:15.889000+00:00,busy,
laundry_view,status set,2022-03-06 16:33:14.249000+00:00,busy,
laundry_view,status set,2022-03-06 20:21:05.498000+00:00,busy,
laundry_view,status set,2022-03-06 20:22:37.345000+00:00,busy,
laundry_view,status set,2022-03-05 17:47:06.713000+00:00,busy,
laundry_view,status set,2022-03-05 13:32:22.673000+00:00,busy,
laundry_view,status set,2022-03-05 18:33:08.729000+00:00,busy,
laundry_view,status set,2022-03-06 18:48:25.932000+00:00,busy,
laundry_view,status set,2022-03-05 17:51:40.628000+00:00,busy,
laundry_view,status set,2022-03-06 12:50:03.754000+00:00,busy,
laundry_view,status set,2022-03-05 21:24:41.186000+00:00,busy,
laundry_view,status set,2022-03-06 15:16:31+00:00,busy,
laundry_view,status set,2022-03-07 00:26:14.033000+00:00,busy,
laundry_view,status set,2022-03-06 15:15:30.199000+00:00,busy,
laundry_view,status set,2022-03-05 17:26:47.846000+00:00,busy,
laundry_view,status set,2022-03-05 17:44:34.643000+00:00,busy,
laundry_view,status set,2022-03-05 18:34:09.806000+00:00,busy,
laundry_view,status set,2022-03-06 15:32:17.238000+00:00,busy,
laundry_view,status set,2022-03-05 18:44:18.307000+00:00,busy,
laundry_view,status set,2022-03-07 02:37:15.355000+00:00,busy,
laundry_view,status set,2022-03-06 15:12:58.134000+00:00,busy,
laundry_view,status set,2022-03-06 20:07:47.981000+00:00,busy,
laundry_view,status set,2022-03-05 21:07:56.514000+00:00,busy,
laundry_view,status set,2022-03-05 13:40:32.269000+00:00,busy,
laundry_view,status set,2022-03-06 15:17:31.819000+00:00,busy,
laundry_view,status set,2022-03-07 01:35:28.699000+00:00,busy,
laundry_view,status changed,2022-03-05 14:03:56.926000+00:00,waiting,busy
laundry_view,status set,2022-03-06 19:58:39.047000+00:00,busy,
laundry_view,status set,2022-03-07 00:19:07.765000+00:00,busy,
laundry_view,status set,2022-03-06 19:59:40.088000+00:00,busy,
laundry_view,status set,2022-03-06 16:52:00.407000+00:00,busy,
